,n,p(t),ate_se,bias,variance,method
0,500,0.5,0.002049025298069453,1.7429242391728807e-06,0.00041565196254073246,GP-Interact
