,n,p(t),ate_se,bias,variance,method
0,1000,0.5,0.06365849855493277,0.008485678675480684,0.4011880393885694,GRF-Adjusted
