,n,p(t),ate_se,bias,variance,method
0,2000,0.5,0.0016609170522772834,2.1861232327070588e-06,0.0002731059000000006,DIM
